{
  "total_requests": 2000,
  "successful": 2000,
  "errors": 0,
  "error_rate": 0.0,
  "cache_hits": 2000,
  "cache_hit_rate": 1.0,
  "latency_p50_ms": 1.1083089993917383,
  "latency_p90_ms": 1.3650669970957097,
  "latency_p99_ms": 1.5525109993177466,
  "latency_mean_ms": 1.118281865519748,
  "latency_min_ms": 0.7453839971276466,
  "latency_max_ms": 5.613025001366623,
  "rps": 100,
  "duration": 20
}